{"train/loss":10.988412380218506,"train/grad_norm":13.9375,"train/tokens_per_sec":12382.422877421212,"_wandb":{"runtime":69},"_runtime":69.777414006,"train/lr":0,"_timestamp":1.7715918958173947e+09,"_step":0}