{"_wandb":{"runtime":6848},"train/grad_norm":NaN,"_timestamp":1.7715990287329385e+09,"train/loss":NaN,"train/tokens_per_sec":314415.22896764515,"val/loss":NaN,"_runtime":6848.826353374,"_step":4119,"train/lr":0.0004551734891720116}